{
    "train": {
        "roc_auc": 0.9588144111370843,
        "avg_precision": 0.6743352488418736,
        "false_alarm_rate": 3.237105930667955,
        "fraud_detection_rate": 76.9607843137255
    },
    "test": {
        "roc_auc": 0.9359410016564358,
        "avg_precision": 0.5885742320948478,
        "false_alarm_rate": 6.927798889213681,
        "fraud_detection_rate": 80.20833333333334
    }
}