{
    "isolation_forest": {
        "train": {
            "roc_auc": 0.9910711959623807,
            "avg_precision": 0.9183134385280856,
            "false_alarm_rate": 2.8143495591254983,
            "fraud_detection_rate": 94.11764705882352
        },
        "test": {
            "roc_auc": 0.9711433060508623,
            "avg_precision": 0.8523737539618007,
            "false_alarm_rate": 5.261619409529377,
            "fraud_detection_rate": 92.70833333333334
        }
    },
    "one_class_svm": {
        "train": {
            "roc_auc": 0.951542291031644,
            "avg_precision": 0.3407174377105033,
            "false_alarm_rate": 3.4666022466481463,
            "fraud_detection_rate": 71.56862745098039
        },
        "test": {
            "roc_auc": 0.9118709198090226,
            "avg_precision": 0.2384926175264474,
            "false_alarm_rate": 6.284712072493423,
            "fraud_detection_rate": 67.70833333333334
        }
    }
}